name,code,url,dbname,code,lang
Afar Wikipedia,wiki,https://aa.wikipedia.org,aawiki,wiki,aa
Afar Wiktionary,wiktionary,https://aa.wiktionary.org,aawiktionary,wiktionary,aa
Afar Wikibooks,wikibooks,https://aa.wikibooks.org,aawikibooks,wikibooks,aa
Abkhazian Авикипедиа,wiki,https://ab.wikipedia.org,abwiki,wiki,ab
Abkhazian Wiktionary,wiktionary,https://ab.wiktionary.org,abwiktionary,wiktionary,ab
Achinese Wikipedia,wiki,https://ace.wikipedia.org,acewiki,wiki,ace
Adyghe Википедие,wiki,https://ady.wikipedia.org,adywiki,wiki,ady
Afrikaans Wikipedia,wiki,https://af.wikipedia.org,afwiki,wiki,af
Afrikaans Wiktionary,wiktionary,https://af.wiktionary.org,afwiktionary,wiktionary,af
Afrikaans Wikibooks,wikibooks,https://af.wikibooks.org,afwikibooks,wikibooks,af
Afrikaans Wikiquote,wikiquote,https://af.wikiquote.org,afwikiquote,wikiquote,af
Akan Wikipedia,wiki,https://ak.wikipedia.org,akwiki,wiki,ak
Akan Wiktionary,wiktionary,https://ak.wiktionary.org,akwiktionary,wiktionary,ak
Akan Wikibooks,wikibooks,https://ak.wikibooks.org,akwikibooks,wikibooks,ak
Alemannisch Wikipedia,wiki,https://als.wikipedia.org,alswiki,wiki,gsw
Amharic ውክፔዲያ,wiki,https://am.wikipedia.org,amwiki,wiki,am
Amharic Wiktionary,wiktionary,https://am.wiktionary.org,amwiktionary,wiktionary,am
Amharic Wikiquote,wikiquote,https://am.wikiquote.org,amwikiquote,wikiquote,am
Aragonese Wikipedia,wiki,https://an.wikipedia.org,anwiki,wiki,an
Aragonese Wiktionary,wiktionary,https://an.wiktionary.org,anwiktionary,wiktionary,an
Old English Wikipǣdia,wiki,https://ang.wikipedia.org,angwiki,wiki,ang
Old English Wikiwordbōc,wiktionary,https://ang.wiktionary.org,angwiktionary,wiktionary,ang
Old English Wikibooks,wikibooks,https://ang.wikibooks.org,angwikibooks,wikibooks,ang
Old English Wikiquote,wikiquote,https://ang.wikiquote.org,angwikiquote,wikiquote,ang
Old English Wicifruma,wikisource,https://ang.wikisource.org,angwikisource,wikisource,ang
Arabic ويكيبيديا,wiki,https://ar.wikipedia.org,arwiki,wiki,ar
Arabic ويكاموس,wiktionary,https://ar.wiktionary.org,arwiktionary,wiktionary,ar
Arabic ويكي_الكتب,wikibooks,https://ar.wikibooks.org,arwikibooks,wikibooks,ar
Arabic ويكي_الأخبار,wikinews,https://ar.wikinews.org,arwikinews,wikinews,ar
Arabic ويكي_الاقتباس,wikiquote,https://ar.wikiquote.org,arwikiquote,wikiquote,ar
Arabic ويكي_مصدر,wikisource,https://ar.wikisource.org,arwikisource,wikisource,ar
Arabic ويكي الجامعة,wikiversity,https://ar.wikiversity.org,arwikiversity,wikiversity,ar
Aramaic ܘܝܩܝܦܕܝܐ,wiki,https://arc.wikipedia.org,arcwiki,wiki,arc
Egyptian Arabic ويكيبيديا,wiki,https://arz.wikipedia.org,arzwiki,wiki,arz
Assamese অসমীয়া ৱিকিপিডিয়া,wiki,https://as.wikipedia.org,aswiki,wiki,as
Assamese Wiktionary,wiktionary,https://as.wiktionary.org,aswiktionary,wiktionary,as
Assamese Wikibooks,wikibooks,https://as.wikibooks.org,aswikibooks,wikibooks,as
Assamese ৱিকিউৎস,wikisource,https://as.wikisource.org,aswikisource,wikisource,as
Asturian Wikipedia,wiki,https://ast.wikipedia.org,astwiki,wiki,ast
Asturian Wikcionariu,wiktionary,https://ast.wiktionary.org,astwiktionary,wiktionary,ast
Asturian Wikibooks,wikibooks,https://ast.wikibooks.org,astwikibooks,wikibooks,ast
Asturian Wikiquote,wikiquote,https://ast.wikiquote.org,astwikiquote,wikiquote,ast
Atikamekw Wikipetcia,wiki,https://atj.wikipedia.org,atjwiki,wiki,atj
Avaric Wikipedia,wiki,https://av.wikipedia.org,avwiki,wiki,av
Avaric Wiktionary,wiktionary,https://av.wiktionary.org,avwiktionary,wiktionary,av
Aymara Wikipedia,wiki,https://ay.wikipedia.org,aywiki,wiki,ay
Aymara Wiktionary,wiktionary,https://ay.wiktionary.org,aywiktionary,wiktionary,ay
Aymara Wikibooks,wikibooks,https://ay.wikibooks.org,aywikibooks,wikibooks,ay
Azerbaijani Vikipediya,wiki,https://az.wikipedia.org,azwiki,wiki,az
Azerbaijani Wiktionary,wiktionary,https://az.wiktionary.org,azwiktionary,wiktionary,az
Azerbaijani Vikikitab,wikibooks,https://az.wikibooks.org,azwikibooks,wikibooks,az
Azerbaijani Vikisitat,wikiquote,https://az.wikiquote.org,azwikiquote,wikiquote,az
Azerbaijani Vikimənbə,wikisource,https://az.wikisource.org,azwikisource,wikisource,az
South Azerbaijani ویکی‌پدیا,wiki,https://azb.wikipedia.org,azbwiki,wiki,azb
Bashkir Википедия,wiki,https://ba.wikipedia.org,bawiki,wiki,ba
Bashkir Викидәреслек,wikibooks,https://ba.wikibooks.org,bawikibooks,wikibooks,ba
Bavarian Wikipedia,wiki,https://bar.wikipedia.org,barwiki,wiki,bar
Samogitian Wikipedia,wiki,https://bat-smg.wikipedia.org,bat_smgwiki,wiki,sgs
Central Bikol Wikipedia,wiki,https://bcl.wikipedia.org,bclwiki,wiki,bcl
Belarusian Вікіпедыя,wiki,https://be.wikipedia.org,bewiki,wiki,be
Belarusian Вікіслоўнік,wiktionary,https://be.wiktionary.org,bewiktionary,wiktionary,be
Belarusian Wikibooks,wikibooks,https://be.wikibooks.org,bewikibooks,wikibooks,be
Belarusian Wikiquote,wikiquote,https://be.wikiquote.org,bewikiquote,wikiquote,be
Belarusian Вікікрыніцы,wikisource,https://be.wikisource.org,bewikisource,wikisource,be
Belarusian (Taraškievica orthography) Вікіпэдыя,wiki,https://be-tarask.wikipedia.org,be_x_oldwiki,wiki,be-tarask
Bulgarian Уикипедия,wiki,https://bg.wikipedia.org,bgwiki,wiki,bg
Bulgarian Уикиречник,wiktionary,https://bg.wiktionary.org,bgwiktionary,wiktionary,bg
Bulgarian Уикикниги,wikibooks,https://bg.wikibooks.org,bgwikibooks,wikibooks,bg
Bulgarian Уикиновини,wikinews,https://bg.wikinews.org,bgwikinews,wikinews,bg
Bulgarian Уикицитат,wikiquote,https://bg.wikiquote.org,bgwikiquote,wikiquote,bg
Bulgarian Уикиизточник,wikisource,https://bg.wikisource.org,bgwikisource,wikisource,bg
Bhojpuri विकिपीडिया,wiki,https://bh.wikipedia.org,bhwiki,wiki,bho
Bhojpuri Wiktionary,wiktionary,https://bh.wiktionary.org,bhwiktionary,wiktionary,bho
Bislama Wikipedia,wiki,https://bi.wikipedia.org,biwiki,wiki,bi
Bislama Wiktionary,wiktionary,https://bi.wiktionary.org,biwiktionary,wiktionary,bi
Bislama Wikibooks,wikibooks,https://bi.wikibooks.org,biwikibooks,wikibooks,bi
Banjar Wikipidia,wiki,https://bjn.wikipedia.org,bjnwiki,wiki,bjn
Bambara Wikipedia,wiki,https://bm.wikipedia.org,bmwiki,wiki,bm
Bambara Wiktionary,wiktionary,https://bm.wiktionary.org,bmwiktionary,wiktionary,bm
Bambara Wikibooks,wikibooks,https://bm.wikibooks.org,bmwikibooks,wikibooks,bm
Bambara Wikiquote,wikiquote,https://bm.wikiquote.org,bmwikiquote,wikiquote,bm
Bangla উইকিপিডিয়া,wiki,https://bn.wikipedia.org,bnwiki,wiki,bn
Bangla উইকিঅভিধান,wiktionary,https://bn.wiktionary.org,bnwiktionary,wiktionary,bn
Bangla উইকিবই,wikibooks,https://bn.wikibooks.org,bnwikibooks,wikibooks,bn
Bangla উইকিসংকলন,wikisource,https://bn.wikisource.org,bnwikisource,wikisource,bn
Bangla উইকিভ্রমণ,wikivoyage,https://bn.wikivoyage.org,bnwikivoyage,wikivoyage,bn
Tibetan Wikipedia,wiki,https://bo.wikipedia.org,bowiki,wiki,bo
Tibetan Wiktionary,wiktionary,https://bo.wiktionary.org,bowiktionary,wiktionary,bo
Tibetan Wikibooks,wikibooks,https://bo.wikibooks.org,bowikibooks,wikibooks,bo
Bishnupriya উইকিপিডিয়া,wiki,https://bpy.wikipedia.org,bpywiki,wiki,bpy
Breton Wikipedia,wiki,https://br.wikipedia.org,brwiki,wiki,br
Breton Wikeriadur,wiktionary,https://br.wiktionary.org,brwiktionary,wiktionary,br
Breton Wikiarroud,wikiquote,https://br.wikiquote.org,brwikiquote,wikiquote,br
Breton Wikimammenn,wikisource,https://br.wikisource.org,brwikisource,wikisource,br
Bosnian Wikipedia,wiki,https://bs.wikipedia.org,bswiki,wiki,bs
Bosnian Wikirječnik,wiktionary,https://bs.wiktionary.org,bswiktionary,wiktionary,bs
Bosnian Wikiknjige,wikibooks,https://bs.wikibooks.org,bswikibooks,wikibooks,bs
Bosnian Wikivijesti,wikinews,https://bs.wikinews.org,bswikinews,wikinews,bs
Bosnian Wikicitati,wikiquote,https://bs.wikiquote.org,bswikiquote,wikiquote,bs
Bosnian Wikizvor,wikisource,https://bs.wikisource.org,bswikisource,wikisource,bs
Buginese Wikipedia,wiki,https://bug.wikipedia.org,bugwiki,wiki,bug
Russia Buriat Wikipedia,wiki,https://bxr.wikipedia.org,bxrwiki,wiki,bxr
Catalan Viquipèdia,wiki,https://ca.wikipedia.org,cawiki,wiki,ca
Catalan Viccionari,wiktionary,https://ca.wiktionary.org,cawiktionary,wiktionary,ca
Catalan Viquillibres,wikibooks,https://ca.wikibooks.org,cawikibooks,wikibooks,ca
Catalan Viquinotícies,wikinews,https://ca.wikinews.org,cawikinews,wikinews,ca
Catalan Viquidites,wikiquote,https://ca.wikiquote.org,cawikiquote,wikiquote,ca
Catalan Viquitexts,wikisource,https://ca.wikisource.org,cawikisource,wikisource,ca
Chavacano Wikipedia,wiki,https://cbk-zam.wikipedia.org,cbk_zamwiki,wiki,cbk
Min Dong Chinese Wikipedia,wiki,https://cdo.wikipedia.org,cdowiki,wiki,cdo
Chechen Википеди,wiki,https://ce.wikipedia.org,cewiki,wiki,ce
Cebuano Wikipedia,wiki,https://ceb.wikipedia.org,cebwiki,wiki,ceb
Chamorro Wikipedia,wiki,https://ch.wikipedia.org,chwiki,wiki,ch
Chamorro Wiktionary,wiktionary,https://ch.wiktionary.org,chwiktionary,wiktionary,ch
Chamorro Wikibooks,wikibooks,https://ch.wikibooks.org,chwikibooks,wikibooks,ch
Choctaw Wikipedia,wiki,https://cho.wikipedia.org,chowiki,wiki,cho
Cherokee Wikipedia,wiki,https://chr.wikipedia.org,chrwiki,wiki,chr
Cherokee Wiktionary,wiktionary,https://chr.wiktionary.org,chrwiktionary,wiktionary,chr
Cheyenne Tsétsêhéstâhese Wikipedia,wiki,https://chy.wikipedia.org,chywiki,wiki,chy
Central Kurdish ویکیپیدیا,wiki,https://ckb.wikipedia.org,ckbwiki,wiki,ckb
Corsican Wikipedia,wiki,https://co.wikipedia.org,cowiki,wiki,co
Corsican Wiktionary,wiktionary,https://co.wiktionary.org,cowiktionary,wiktionary,co
Corsican Wikibooks,wikibooks,https://co.wikibooks.org,cowikibooks,wikibooks,co
Corsican Wikiquote,wikiquote,https://co.wikiquote.org,cowikiquote,wikiquote,co
Cree Wikipedia,wiki,https://cr.wikipedia.org,crwiki,wiki,cr
Cree Wiktionary,wiktionary,https://cr.wiktionary.org,crwiktionary,wiktionary,cr
Cree Wikiquote,wikiquote,https://cr.wikiquote.org,crwikiquote,wikiquote,cr
Crimean Turkish Vikipediya,wiki,https://crh.wikipedia.org,crhwiki,wiki,crh
Czech Wikipedie,wiki,https://cs.wikipedia.org,cswiki,wiki,cs
Czech Wikislovník,wiktionary,https://cs.wiktionary.org,cswiktionary,wiktionary,cs
Czech Wikiknihy,wikibooks,https://cs.wikibooks.org,cswikibooks,wikibooks,cs
Czech Wikizprávy,wikinews,https://cs.wikinews.org,cswikinews,wikinews,cs
Czech Wikicitáty,wikiquote,https://cs.wikiquote.org,cswikiquote,wikiquote,cs
Czech Wikizdroje,wikisource,https://cs.wikisource.org,cswikisource,wikisource,cs
Czech Wikiverzita,wikiversity,https://cs.wikiversity.org,cswikiversity,wikiversity,cs
Kashubian Wikipedia,wiki,https://csb.wikipedia.org,csbwiki,wiki,csb
Kashubian Wiktionary,wiktionary,https://csb.wiktionary.org,csbwiktionary,wiktionary,csb
Church Slavic Википєдїꙗ,wiki,https://cu.wikipedia.org,cuwiki,wiki,cu
Chuvash Википеди,wiki,https://cv.wikipedia.org,cvwiki,wiki,cv
Chuvash Wikibooks,wikibooks,https://cv.wikibooks.org,cvwikibooks,wikibooks,cv
Welsh Wicipedia,wiki,https://cy.wikipedia.org,cywiki,wiki,cy
Welsh Wiciadur,wiktionary,https://cy.wiktionary.org,cywiktionary,wiktionary,cy
Welsh Wicilyfrau,wikibooks,https://cy.wikibooks.org,cywikibooks,wikibooks,cy
Welsh Wikiquote,wikiquote,https://cy.wikiquote.org,cywikiquote,wikiquote,cy
Welsh Wicidestun,wikisource,https://cy.wikisource.org,cywikisource,wikisource,cy
Danish Wikipedia,wiki,https://da.wikipedia.org,dawiki,wiki,da
Danish Wiktionary,wiktionary,https://da.wiktionary.org,dawiktionary,wiktionary,da
Danish Wikibooks,wikibooks,https://da.wikibooks.org,dawikibooks,wikibooks,da
Danish Wikiquote,wikiquote,https://da.wikiquote.org,dawikiquote,wikiquote,da
Danish Wikisource,wikisource,https://da.wikisource.org,dawikisource,wikisource,da
German Wikipedia,wiki,https://de.wikipedia.org,dewiki,wiki,de
German Wiktionary,wiktionary,https://de.wiktionary.org,dewiktionary,wiktionary,de
German Wikibooks,wikibooks,https://de.wikibooks.org,dewikibooks,wikibooks,de
German Wikinews,wikinews,https://de.wikinews.org,dewikinews,wikinews,de
German Wikiquote,wikiquote,https://de.wikiquote.org,dewikiquote,wikiquote,de
German Wikisource,wikisource,https://de.wikisource.org,dewikisource,wikisource,de
German Wikiversity,wikiversity,https://de.wikiversity.org,dewikiversity,wikiversity,de
German Wikivoyage,wikivoyage,https://de.wikivoyage.org,dewikivoyage,wikivoyage,de
Dinka Wikipedia,wiki,https://din.wikipedia.org,dinwiki,wiki,din
Zazaki Wikipedia,wiki,https://diq.wikipedia.org,diqwiki,wiki,diq
Lower Sorbian Wikipedija,wiki,https://dsb.wikipedia.org,dsbwiki,wiki,dsb
Doteli विकिपिडिया,wiki,https://dty.wikipedia.org,dtywiki,wiki,dty
Divehi ވިކިޕީޑިއާ,wiki,https://dv.wikipedia.org,dvwiki,wiki,dv
Divehi ވިކިރަދީފު,wiktionary,https://dv.wiktionary.org,dvwiktionary,wiktionary,dv
Dzongkha Wikipedia,wiki,https://dz.wikipedia.org,dzwiki,wiki,dz
Dzongkha Wiktionary,wiktionary,https://dz.wiktionary.org,dzwiktionary,wiktionary,dz
Ewe Wikipedia,wiki,https://ee.wikipedia.org,eewiki,wiki,ee
Greek Βικιπαίδεια,wiki,https://el.wikipedia.org,elwiki,wiki,el
Greek Βικιλεξικό,wiktionary,https://el.wiktionary.org,elwiktionary,wiktionary,el
Greek Βικιβιβλία,wikibooks,https://el.wikibooks.org,elwikibooks,wikibooks,el
Greek Βικινέα,wikinews,https://el.wikinews.org,elwikinews,wikinews,el
Greek Βικιφθέγματα,wikiquote,https://el.wikiquote.org,elwikiquote,wikiquote,el
Greek Βικιθήκη,wikisource,https://el.wikisource.org,elwikisource,wikisource,el
Greek Βικιεπιστήμιο,wikiversity,https://el.wikiversity.org,elwikiversity,wikiversity,el
Greek Βικιταξίδια,wikivoyage,https://el.wikivoyage.org,elwikivoyage,wikivoyage,el
Emiliano-Romagnolo Wikipedia,wiki,https://eml.wikipedia.org,emlwiki,wiki,egl
English Wikipedia,wiki,https://en.wikipedia.org,enwiki,wiki,en
English Wiktionary,wiktionary,https://en.wiktionary.org,enwiktionary,wiktionary,en
English Wikibooks,wikibooks,https://en.wikibooks.org,enwikibooks,wikibooks,en
English Wikinews,wikinews,https://en.wikinews.org,enwikinews,wikinews,en
English Wikiquote,wikiquote,https://en.wikiquote.org,enwikiquote,wikiquote,en
English Wikisource,wikisource,https://en.wikisource.org,enwikisource,wikisource,en
English Wikiversity,wikiversity,https://en.wikiversity.org,enwikiversity,wikiversity,en
English Wikivoyage,wikivoyage,https://en.wikivoyage.org,enwikivoyage,wikivoyage,en
Esperanto Vikipedio,wiki,https://eo.wikipedia.org,eowiki,wiki,eo
Esperanto Vikivortaro,wiktionary,https://eo.wiktionary.org,eowiktionary,wiktionary,eo
Esperanto Vikilibroj,wikibooks,https://eo.wikibooks.org,eowikibooks,wikibooks,eo
Esperanto Vikinovaĵoj,wikinews,https://eo.wikinews.org,eowikinews,wikinews,eo
Esperanto Vikicitaro,wikiquote,https://eo.wikiquote.org,eowikiquote,wikiquote,eo
Esperanto Vikifontaro,wikisource,https://eo.wikisource.org,eowikisource,wikisource,eo
Spanish Wikipedia,wiki,https://es.wikipedia.org,eswiki,wiki,es
Spanish Wikcionario,wiktionary,https://es.wiktionary.org,eswiktionary,wiktionary,es
Spanish Wikilibros,wikibooks,https://es.wikibooks.org,eswikibooks,wikibooks,es
Spanish Wikinoticias,wikinews,https://es.wikinews.org,eswikinews,wikinews,es
Spanish Wikiquote,wikiquote,https://es.wikiquote.org,eswikiquote,wikiquote,es
Spanish Wikisource,wikisource,https://es.wikisource.org,eswikisource,wikisource,es
Spanish Wikiversidad,wikiversity,https://es.wikiversity.org,eswikiversity,wikiversity,es
Spanish Wikiviajes,wikivoyage,https://es.wikivoyage.org,eswikivoyage,wikivoyage,es
Estonian Vikipeedia,wiki,https://et.wikipedia.org,etwiki,wiki,et
Estonian Vikisõnastik,wiktionary,https://et.wiktionary.org,etwiktionary,wiktionary,et
Estonian Vikiõpikud,wikibooks,https://et.wikibooks.org,etwikibooks,wikibooks,et
Estonian Vikitsitaadid,wikiquote,https://et.wikiquote.org,etwikiquote,wikiquote,et
Estonian Vikitekstid,wikisource,https://et.wikisource.org,etwikisource,wikisource,et
Basque Wikipedia,wiki,https://eu.wikipedia.org,euwiki,wiki,eu
Basque Wiktionary,wiktionary,https://eu.wiktionary.org,euwiktionary,wiktionary,eu
Basque Wikibooks,wikibooks,https://eu.wikibooks.org,euwikibooks,wikibooks,eu
Basque Wikiquote,wikiquote,https://eu.wikiquote.org,euwikiquote,wikiquote,eu
Basque Wikiteka,wikisource,https://eu.wikisource.org,euwikisource,wikisource,eu
Extremaduran Güiquipeya,wiki,https://ext.wikipedia.org,extwiki,wiki,ext
Persian ویکی‌پدیا,wiki,https://fa.wikipedia.org,fawiki,wiki,fa
Persian ویکی‌واژه,wiktionary,https://fa.wiktionary.org,fawiktionary,wiktionary,fa
Persian ویکی‌کتاب,wikibooks,https://fa.wikibooks.org,fawikibooks,wikibooks,fa
Persian ویکی‌خبر,wikinews,https://fa.wikinews.org,fawikinews,wikinews,fa
Persian ویکی‌گفتاورد,wikiquote,https://fa.wikiquote.org,fawikiquote,wikiquote,fa
Persian ویکی‌نبشته,wikisource,https://fa.wikisource.org,fawikisource,wikisource,fa
Persian ویکی‌سفر,wikivoyage,https://fa.wikivoyage.org,fawikivoyage,wikivoyage,fa
Fulah Wikipedia,wiki,https://ff.wikipedia.org,ffwiki,wiki,ff
Finnish Wikipedia,wiki,https://fi.wikipedia.org,fiwiki,wiki,fi
Finnish Wikisanakirja,wiktionary,https://fi.wiktionary.org,fiwiktionary,wiktionary,fi
Finnish Wikikirjasto,wikibooks,https://fi.wikibooks.org,fiwikibooks,wikibooks,fi
Finnish Wikiuutiset,wikinews,https://fi.wikinews.org,fiwikinews,wikinews,fi
Finnish Wikisitaatit,wikiquote,https://fi.wikiquote.org,fiwikiquote,wikiquote,fi
Finnish Wikiaineisto,wikisource,https://fi.wikisource.org,fiwikisource,wikisource,fi
Finnish Wikiopisto,wikiversity,https://fi.wikiversity.org,fiwikiversity,wikiversity,fi
Finnish Wikimatkat,wikivoyage,https://fi.wikivoyage.org,fiwikivoyage,wikivoyage,fi
Võro Wikipedia,wiki,https://fiu-vro.wikipedia.org,fiu_vrowiki,wiki,vro
Fijian Wikipedia,wiki,https://fj.wikipedia.org,fjwiki,wiki,fj
Fijian Wiktionary,wiktionary,https://fj.wiktionary.org,fjwiktionary,wiktionary,fj
Faroese Wikipedia,wiki,https://fo.wikipedia.org,fowiki,wiki,fo
Faroese Wiktionary,wiktionary,https://fo.wiktionary.org,fowiktionary,wiktionary,fo
Faroese Wikiheimild,wikisource,https://fo.wikisource.org,fowikisource,wikisource,fo
French Wikipédia,wiki,https://fr.wikipedia.org,frwiki,wiki,fr
French Wiktionnaire,wiktionary,https://fr.wiktionary.org,frwiktionary,wiktionary,fr
French Wikilivres,wikibooks,https://fr.wikibooks.org,frwikibooks,wikibooks,fr
French Wikinews,wikinews,https://fr.wikinews.org,frwikinews,wikinews,fr
French Wikiquote,wikiquote,https://fr.wikiquote.org,frwikiquote,wikiquote,fr
French Wikisource,wikisource,https://fr.wikisource.org,frwikisource,wikisource,fr
French Wikiversité,wikiversity,https://fr.wikiversity.org,frwikiversity,wikiversity,fr
French Wikivoyage,wikivoyage,https://fr.wikivoyage.org,frwikivoyage,wikivoyage,fr
Arpitan Vouiquipèdia,wiki,https://frp.wikipedia.org,frpwiki,wiki,frp
Northern Frisian Wikipedia,wiki,https://frr.wikipedia.org,frrwiki,wiki,frr
Friulian Vichipedie,wiki,https://fur.wikipedia.org,furwiki,wiki,fur
Western Frisian Wikipedy,wiki,https://fy.wikipedia.org,fywiki,wiki,fy
Western Frisian Wiktionary,wiktionary,https://fy.wiktionary.org,fywiktionary,wiktionary,fy
Western Frisian Wikibooks,wikibooks,https://fy.wikibooks.org,fywikibooks,wikibooks,fy
Irish Vicipéid,wiki,https://ga.wikipedia.org,gawiki,wiki,ga
Irish Vicífhoclóir,wiktionary,https://ga.wiktionary.org,gawiktionary,wiktionary,ga
Irish Vicíleabhair,wikibooks,https://ga.wikibooks.org,gawikibooks,wikibooks,ga
Irish Vicísliocht,wikiquote,https://ga.wikiquote.org,gawikiquote,wikiquote,ga
Gagauz Vikipediya,wiki,https://gag.wikipedia.org,gagwiki,wiki,gag
Gan Chinese 維基百科,wiki,https://gan.wikipedia.org,ganwiki,wiki,gan
Scottish Gaelic Uicipeid,wiki,https://gd.wikipedia.org,gdwiki,wiki,gd
Scottish Gaelic Wiktionary,wiktionary,https://gd.wiktionary.org,gdwiktionary,wiktionary,gd
Galician Wikipedia,wiki,https://gl.wikipedia.org,glwiki,wiki,gl
Galician Wiktionary,wiktionary,https://gl.wiktionary.org,glwiktionary,wiktionary,gl
Galician Wikibooks,wikibooks,https://gl.wikibooks.org,glwikibooks,wikibooks,gl
Galician Wikiquote,wikiquote,https://gl.wikiquote.org,glwikiquote,wikiquote,gl
Galician Wikisource,wikisource,https://gl.wikisource.org,glwikisource,wikisource,gl
Gilaki Wikipedia,wiki,https://glk.wikipedia.org,glkwiki,wiki,glk
Guarani Vikipetã,wiki,https://gn.wikipedia.org,gnwiki,wiki,gn
Guarani Wiktionary,wiktionary,https://gn.wiktionary.org,gnwiktionary,wiktionary,gn
Guarani Wikibooks,wikibooks,https://gn.wikibooks.org,gnwikibooks,wikibooks,gn
Goan Konkani विकिपीडिया,wiki,https://gom.wikipedia.org,gomwiki,wiki,gom
Gorontalo Wikipedia,wiki,https://gor.wikipedia.org,gorwiki,wiki,gor
Gothic Wikipedia,wiki,https://got.wikipedia.org,gotwiki,wiki,got
Gothic Wikibooks,wikibooks,https://got.wikibooks.org,gotwikibooks,wikibooks,got
Gujarati વિકિપીડિયા,wiki,https://gu.wikipedia.org,guwiki,wiki,gu
Gujarati વિકિકોશ,wiktionary,https://gu.wiktionary.org,guwiktionary,wiktionary,gu
Gujarati Wikibooks,wikibooks,https://gu.wikibooks.org,guwikibooks,wikibooks,gu
Gujarati વિકિસૂક્તિ,wikiquote,https://gu.wikiquote.org,guwikiquote,wikiquote,gu
Gujarati વિકિસ્રોત,wikisource,https://gu.wikisource.org,guwikisource,wikisource,gu
Manx Wikipedia,wiki,https://gv.wikipedia.org,gvwiki,wiki,gv
Manx Wiktionary,wiktionary,https://gv.wiktionary.org,gvwiktionary,wiktionary,gv
Hausa Wikipedia,wiki,https://ha.wikipedia.org,hawiki,wiki,ha
Hausa Wiktionary,wiktionary,https://ha.wiktionary.org,hawiktionary,wiktionary,ha
Hakka Chinese Wikipedia,wiki,https://hak.wikipedia.org,hakwiki,wiki,hak
Hawaiian Wikipedia,wiki,https://haw.wikipedia.org,hawwiki,wiki,haw
Hebrew ויקיפדיה,wiki,https://he.wikipedia.org,hewiki,wiki,he
Hebrew ויקימילון,wiktionary,https://he.wiktionary.org,hewiktionary,wiktionary,he
Hebrew ויקיספר,wikibooks,https://he.wikibooks.org,hewikibooks,wikibooks,he
Hebrew ויקיחדשות,wikinews,https://he.wikinews.org,hewikinews,wikinews,he
Hebrew ויקיציטוט,wikiquote,https://he.wikiquote.org,hewikiquote,wikiquote,he
Hebrew ויקיטקסט,wikisource,https://he.wikisource.org,hewikisource,wikisource,he
Hebrew ויקימסע,wikivoyage,https://he.wikivoyage.org,hewikivoyage,wikivoyage,he
Hindi विकिपीडिया,wiki,https://hi.wikipedia.org,hiwiki,wiki,hi
Hindi विक्षनरी,wiktionary,https://hi.wiktionary.org,hiwiktionary,wiktionary,hi
Hindi Wikibooks,wikibooks,https://hi.wikibooks.org,hiwikibooks,wikibooks,hi
Hindi विकिसूक्ति,wikiquote,https://hi.wikiquote.org,hiwikiquote,wikiquote,hi
Hindi विकिविश्वविद्यालय,wikiversity,https://hi.wikiversity.org,hiwikiversity,wikiversity,hi
Hindi विकियात्रा,wikivoyage,https://hi.wikivoyage.org,hiwikivoyage,wikivoyage,hi
Fiji Hindi Wikipedia,wiki,https://hif.wikipedia.org,hifwiki,wiki,hif
Fiji Hindi Sabdkosh,wiktionary,https://hif.wiktionary.org,hifwiktionary,wiktionary,hif
Hiri Motu Wikipedia,wiki,https://ho.wikipedia.org,howiki,wiki,ho
Croatian Wikipedija,wiki,https://hr.wikipedia.org,hrwiki,wiki,hr
Croatian Wiktionary,wiktionary,https://hr.wiktionary.org,hrwiktionary,wiktionary,hr
Croatian Wikibooks,wikibooks,https://hr.wikibooks.org,hrwikibooks,wikibooks,hr
Croatian Wikicitat,wikiquote,https://hr.wikiquote.org,hrwikiquote,wikiquote,hr
Croatian Wikizvor,wikisource,https://hr.wikisource.org,hrwikisource,wikisource,hr
Upper Sorbian Wikipedija,wiki,https://hsb.wikipedia.org,hsbwiki,wiki,hsb
Upper Sorbian Wikisłownik,wiktionary,https://hsb.wiktionary.org,hsbwiktionary,wiktionary,hsb
Haitian Creole Wikipedya,wiki,https://ht.wikipedia.org,htwiki,wiki,ht
Haitian Creole Wikisòrs,wikisource,https://ht.wikisource.org,htwikisource,wikisource,ht
Hungarian Wikipédia,wiki,https://hu.wikipedia.org,huwiki,wiki,hu
Hungarian Wikiszótár,wiktionary,https://hu.wiktionary.org,huwiktionary,wiktionary,hu
Hungarian Wikikönyvek,wikibooks,https://hu.wikibooks.org,huwikibooks,wikibooks,hu
Hungarian Wikihírek,wikinews,https://hu.wikinews.org,huwikinews,wikinews,hu
Hungarian Wikidézet,wikiquote,https://hu.wikiquote.org,huwikiquote,wikiquote,hu
Hungarian Wikiforrás,wikisource,https://hu.wikisource.org,huwikisource,wikisource,hu
Armenian Վիքիպեդիա,wiki,https://hy.wikipedia.org,hywiki,wiki,hy
Armenian Վիքիբառարան,wiktionary,https://hy.wiktionary.org,hywiktionary,wiktionary,hy
Armenian Վիքիգրքեր,wikibooks,https://hy.wikibooks.org,hywikibooks,wikibooks,hy
Armenian Վիքիքաղվածք,wikiquote,https://hy.wikiquote.org,hywikiquote,wikiquote,hy
Armenian Վիքիդարան,wikisource,https://hy.wikisource.org,hywikisource,wikisource,hy
Herero Wikipedia,wiki,https://hz.wikipedia.org,hzwiki,wiki,hz
Interlingua Wikipedia,wiki,https://ia.wikipedia.org,iawiki,wiki,ia
Interlingua Wiktionario,wiktionary,https://ia.wiktionary.org,iawiktionary,wiktionary,ia
Interlingua Wikibooks,wikibooks,https://ia.wikibooks.org,iawikibooks,wikibooks,ia
Indonesian Wikipedia,wiki,https://id.wikipedia.org,idwiki,wiki,id
Indonesian Wiktionary,wiktionary,https://id.wiktionary.org,idwiktionary,wiktionary,id
Indonesian Wikibuku,wikibooks,https://id.wikibooks.org,idwikibooks,wikibooks,id
Indonesian Wikiquote,wikiquote,https://id.wikiquote.org,idwikiquote,wikiquote,id
Indonesian Wikisource,wikisource,https://id.wikisource.org,idwikisource,wikisource,id
Interlingue Wikipedia,wiki,https://ie.wikipedia.org,iewiki,wiki,ie
Interlingue Wiktionary,wiktionary,https://ie.wiktionary.org,iewiktionary,wiktionary,ie
Interlingue Wikibooks,wikibooks,https://ie.wikibooks.org,iewikibooks,wikibooks,ie
Igbo Wikipedia,wiki,https://ig.wikipedia.org,igwiki,wiki,ig
Sichuan Yi Wikipedia,wiki,https://ii.wikipedia.org,iiwiki,wiki,ii
Inupiaq Wikipedia,wiki,https://ik.wikipedia.org,ikwiki,wiki,ik
Inupiaq Wiktionary,wiktionary,https://ik.wiktionary.org,ikwiktionary,wiktionary,ik
Iloko Wikipedia,wiki,https://ilo.wikipedia.org,ilowiki,wiki,ilo
Ingush Википеди,wiki,https://inh.wikipedia.org,inhwiki,wiki,inh
Ido Wikipedio,wiki,https://io.wikipedia.org,iowiki,wiki,io
Ido Wikivortaro,wiktionary,https://io.wiktionary.org,iowiktionary,wiktionary,io
Icelandic Wikipedia,wiki,https://is.wikipedia.org,iswiki,wiki,is
Icelandic Wikiorðabók,wiktionary,https://is.wiktionary.org,iswiktionary,wiktionary,is
Icelandic Wikibækur,wikibooks,https://is.wikibooks.org,iswikibooks,wikibooks,is
Icelandic Wikivitnun,wikiquote,https://is.wikiquote.org,iswikiquote,wikiquote,is
Icelandic Wikiheimild,wikisource,https://is.wikisource.org,iswikisource,wikisource,is
Italian Wikipedia,wiki,https://it.wikipedia.org,itwiki,wiki,it
Italian Wikizionario,wiktionary,https://it.wiktionary.org,itwiktionary,wiktionary,it
Italian Wikibooks,wikibooks,https://it.wikibooks.org,itwikibooks,wikibooks,it
Italian Wikinotizie,wikinews,https://it.wikinews.org,itwikinews,wikinews,it
Italian Wikiquote,wikiquote,https://it.wikiquote.org,itwikiquote,wikiquote,it
Italian Wikisource,wikisource,https://it.wikisource.org,itwikisource,wikisource,it
Italian Wikiversità,wikiversity,https://it.wikiversity.org,itwikiversity,wikiversity,it
Italian Wikivoyage,wikivoyage,https://it.wikivoyage.org,itwikivoyage,wikivoyage,it
Inuktitut ᐅᐃᑭᐱᑎᐊ,wiki,https://iu.wikipedia.org,iuwiki,wiki,iu
Inuktitut Wiktionary,wiktionary,https://iu.wiktionary.org,iuwiktionary,wiktionary,iu
Japanese Wikipedia,wiki,https://ja.wikipedia.org,jawiki,wiki,ja
Japanese Wiktionary,wiktionary,https://ja.wiktionary.org,jawiktionary,wiktionary,ja
Japanese Wikibooks,wikibooks,https://ja.wikibooks.org,jawikibooks,wikibooks,ja
Japanese ウィキニュース,wikinews,https://ja.wikinews.org,jawikinews,wikinews,ja
Japanese Wikiquote,wikiquote,https://ja.wikiquote.org,jawikiquote,wikiquote,ja
Japanese Wikisource,wikisource,https://ja.wikisource.org,jawikisource,wikisource,ja
Japanese ウィキバーシティ,wikiversity,https://ja.wikiversity.org,jawikiversity,wikiversity,ja
Jamaican Creole English Wikipidia,wiki,https://jam.wikipedia.org,jamwiki,wiki,jam
Lojban Wikipedia,wiki,https://jbo.wikipedia.org,jbowiki,wiki,jbo
Lojban Wiktionary,wiktionary,https://jbo.wiktionary.org,jbowiktionary,wiktionary,jbo
Javanese Wikipedia,wiki,https://jv.wikipedia.org,jvwiki,wiki,jv
Javanese Wiktionary,wiktionary,https://jv.wiktionary.org,jvwiktionary,wiktionary,jv
Georgian ვიკიპედია,wiki,https://ka.wikipedia.org,kawiki,wiki,ka
Georgian ვიქსიკონი,wiktionary,https://ka.wiktionary.org,kawiktionary,wiktionary,ka
Georgian ვიკიწიგნები,wikibooks,https://ka.wikibooks.org,kawikibooks,wikibooks,ka
Georgian ვიკიციტატა,wikiquote,https://ka.wikiquote.org,kawikiquote,wikiquote,ka
Kara-Kalpak Wikipedia,wiki,https://kaa.wikipedia.org,kaawiki,wiki,kaa
Kabyle Wikipedia,wiki,https://kab.wikipedia.org,kabwiki,wiki,kab
Kabardian Уикипедиэ,wiki,https://kbd.wikipedia.org,kbdwiki,wiki,kbd
Kabiye Wikipediya,wiki,https://kbp.wikipedia.org,kbpwiki,wiki,kbp
Kongo Wikipedia,wiki,https://kg.wikipedia.org,kgwiki,wiki,kg
Kikuyu Wikipedia,wiki,https://ki.wikipedia.org,kiwiki,wiki,ki
Kuanyama Wikipedia,wiki,https://kj.wikipedia.org,kjwiki,wiki,kj
Kazakh Уикипедия,wiki,https://kk.wikipedia.org,kkwiki,wiki,kk
Kazakh Уикисөздік,wiktionary,https://kk.wiktionary.org,kkwiktionary,wiktionary,kk
Kazakh Уикикітап,wikibooks,https://kk.wikibooks.org,kkwikibooks,wikibooks,kk
Kazakh Уикидәйек,wikiquote,https://kk.wikiquote.org,kkwikiquote,wikiquote,kk
Kalaallisut Wikipedia,wiki,https://kl.wikipedia.org,klwiki,wiki,kl
Kalaallisut Wiktionary,wiktionary,https://kl.wiktionary.org,klwiktionary,wiktionary,kl
Khmer វិគីភីឌា,wiki,https://km.wikipedia.org,kmwiki,wiki,km
Khmer Wiktionary,wiktionary,https://km.wiktionary.org,kmwiktionary,wiktionary,km
Khmer Wikibooks,wikibooks,https://km.wikibooks.org,kmwikibooks,wikibooks,km
Kannada ವಿಕಿಪೀಡಿಯ,wiki,https://kn.wikipedia.org,knwiki,wiki,kn
Kannada ವಿಕ್ಷನರಿ,wiktionary,https://kn.wiktionary.org,knwiktionary,wiktionary,kn
Kannada Wikibooks,wikibooks,https://kn.wikibooks.org,knwikibooks,wikibooks,kn
Kannada ವಿಕಿಕೋಟ್,wikiquote,https://kn.wikiquote.org,knwikiquote,wikiquote,kn
Kannada ವಿಕಿಸೋರ್ಸ್,wikisource,https://kn.wikisource.org,knwikisource,wikisource,kn
Korean 위키백과,wiki,https://ko.wikipedia.org,kowiki,wiki,ko
Korean 위키낱말사전,wiktionary,https://ko.wiktionary.org,kowiktionary,wiktionary,ko
Korean 위키책,wikibooks,https://ko.wikibooks.org,kowikibooks,wikibooks,ko
Korean 위키뉴스,wikinews,https://ko.wikinews.org,kowikinews,wikinews,ko
Korean 위키인용집,wikiquote,https://ko.wikiquote.org,kowikiquote,wikiquote,ko
Korean 위키문헌,wikisource,https://ko.wikisource.org,kowikisource,wikisource,ko
Korean 위키배움터,wikiversity,https://ko.wikiversity.org,kowikiversity,wikiversity,ko
Komi-Permyak Википедия,wiki,https://koi.wikipedia.org,koiwiki,wiki,koi
Kanuri Wikipedia,wiki,https://kr.wikipedia.org,krwiki,wiki,kr
Kanuri Wikiquote,wikiquote,https://kr.wikiquote.org,krwikiquote,wikiquote,kr
Karachay-Balkar Википедия,wiki,https://krc.wikipedia.org,krcwiki,wiki,krc
Kashmiri Wikipedia,wiki,https://ks.wikipedia.org,kswiki,wiki,ks
Kashmiri Wiktionary,wiktionary,https://ks.wiktionary.org,kswiktionary,wiktionary,ks
Kashmiri Wikibooks,wikibooks,https://ks.wikibooks.org,kswikibooks,wikibooks,ks
Kashmiri Wikiquote,wikiquote,https://ks.wikiquote.org,kswikiquote,wikiquote,ks
Colognian Wikipedia,wiki,https://ksh.wikipedia.org,kshwiki,wiki,ksh
Kurdish Wîkîpediya,wiki,https://ku.wikipedia.org,kuwiki,wiki,ku
Kurdish Wîkîferheng,wiktionary,https://ku.wiktionary.org,kuwiktionary,wiktionary,ku
Kurdish Wikibooks,wikibooks,https://ku.wikibooks.org,kuwikibooks,wikibooks,ku
Kurdish Wikiquote,wikiquote,https://ku.wikiquote.org,kuwikiquote,wikiquote,ku
Komi Wikipedia,wiki,https://kv.wikipedia.org,kvwiki,wiki,kv
Cornish Wikipedia,wiki,https://kw.wikipedia.org,kwwiki,wiki,kw
Cornish Wiktionary,wiktionary,https://kw.wiktionary.org,kwwiktionary,wiktionary,kw
Cornish Wikiquote,wikiquote,https://kw.wikiquote.org,kwwikiquote,wikiquote,kw
Kyrgyz Wikipedia,wiki,https://ky.wikipedia.org,kywiki,wiki,ky
Kyrgyz Wiktionary,wiktionary,https://ky.wiktionary.org,kywiktionary,wiktionary,ky
Kyrgyz Wikibooks,wikibooks,https://ky.wikibooks.org,kywikibooks,wikibooks,ky
Kyrgyz Wikiquote,wikiquote,https://ky.wikiquote.org,kywikiquote,wikiquote,ky
Latin Vicipaedia,wiki,https://la.wikipedia.org,lawiki,wiki,la
Latin Victionarium,wiktionary,https://la.wiktionary.org,lawiktionary,wiktionary,la
Latin Vicilibri,wikibooks,https://la.wikibooks.org,lawikibooks,wikibooks,la
Latin Vicicitatio,wikiquote,https://la.wikiquote.org,lawikiquote,wikiquote,la
Latin Wikisource,wikisource,https://la.wikisource.org,lawikisource,wikisource,la
Ladino Vikipedya,wiki,https://lad.wikipedia.org,ladwiki,wiki,lad
Luxembourgish Wikipedia,wiki,https://lb.wikipedia.org,lbwiki,wiki,lb
Luxembourgish Wiktionnaire,wiktionary,https://lb.wiktionary.org,lbwiktionary,wiktionary,lb
Luxembourgish Wikibooks,wikibooks,https://lb.wikibooks.org,lbwikibooks,wikibooks,lb
Luxembourgish Wikiquote,wikiquote,https://lb.wikiquote.org,lbwikiquote,wikiquote,lb
Lak Википедия,wiki,https://lbe.wikipedia.org,lbewiki,wiki,lbe
Lezghian Википедия,wiki,https://lez.wikipedia.org,lezwiki,wiki,lez
Lingua Franca Nova Vicipedia,wiki,https://lfn.wikipedia.org,lfnwiki,wiki,lfn
Ganda Wikipedia,wiki,https://lg.wikipedia.org,lgwiki,wiki,lg
Limburgish Wikipedia,wiki,https://li.wikipedia.org,liwiki,wiki,li
Limburgish Wiktionary,wiktionary,https://li.wiktionary.org,liwiktionary,wiktionary,li
Limburgish Wikibeuk,wikibooks,https://li.wikibooks.org,liwikibooks,wikibooks,li
Limburgish Wikinuujs,wikinews,https://li.wikinews.org,liwikinews,wikinews,li
Limburgish Wikiquote,wikiquote,https://li.wikiquote.org,liwikiquote,wikiquote,li
Limburgish Wikibrónne,wikisource,https://li.wikisource.org,liwikisource,wikisource,li
Ligurian Wikipedia,wiki,https://lij.wikipedia.org,lijwiki,wiki,lij
Lombard Wikipedia,wiki,https://lmo.wikipedia.org,lmowiki,wiki,lmo
Lingala Wikipedia,wiki,https://ln.wikipedia.org,lnwiki,wiki,ln
Lingala Wiktionary,wiktionary,https://ln.wiktionary.org,lnwiktionary,wiktionary,ln
Lingala Wikibooks,wikibooks,https://ln.wikibooks.org,lnwikibooks,wikibooks,ln
Lao ວິກິພີເດຍ,wiki,https://lo.wikipedia.org,lowiki,wiki,lo
Lao Wiktionary,wiktionary,https://lo.wiktionary.org,lowiktionary,wiktionary,lo
Northern Luri ڤیکیپئدیا,wiki,https://lrc.wikipedia.org,lrcwiki,wiki,lrc
Lithuanian Vikipedija,wiki,https://lt.wikipedia.org,ltwiki,wiki,lt
Lithuanian Vikižodynas,wiktionary,https://lt.wiktionary.org,ltwiktionary,wiktionary,lt
Lithuanian Wikibooks,wikibooks,https://lt.wikibooks.org,ltwikibooks,wikibooks,lt
Lithuanian Wikiquote,wikiquote,https://lt.wikiquote.org,ltwikiquote,wikiquote,lt
Lithuanian Vikišaltiniai,wikisource,https://lt.wikisource.org,ltwikisource,wikisource,lt
Latgalian Vikipedeja,wiki,https://ltg.wikipedia.org,ltgwiki,wiki,ltg
Latvian Vikipēdija,wiki,https://lv.wikipedia.org,lvwiki,wiki,lv
Latvian Wiktionary,wiktionary,https://lv.wiktionary.org,lvwiktionary,wiktionary,lv
Latvian Wikibooks,wikibooks,https://lv.wikibooks.org,lvwikibooks,wikibooks,lv
Maithili विकिपिडिया,wiki,https://mai.wikipedia.org,maiwiki,wiki,mai
Basa Banyumasan Wikipedia,wiki,https://map-bms.wikipedia.org,map_bmswiki,wiki,jv-x-bms
Moksha Википедиесь,wiki,https://mdf.wikipedia.org,mdfwiki,wiki,mdf
Malagasy Wikipedia,wiki,https://mg.wikipedia.org,mgwiki,wiki,mg
Malagasy Wiktionary,wiktionary,https://mg.wiktionary.org,mgwiktionary,wiktionary,mg
Malagasy Wikibooks,wikibooks,https://mg.wikibooks.org,mgwikibooks,wikibooks,mg
Marshallese Wikipedia,wiki,https://mh.wikipedia.org,mhwiki,wiki,mh
Marshallese Wiktionary,wiktionary,https://mh.wiktionary.org,mhwiktionary,wiktionary,mh
Eastern Mari Википедий,wiki,https://mhr.wikipedia.org,mhrwiki,wiki,mhr
Maori Wikipedia,wiki,https://mi.wikipedia.org,miwiki,wiki,mi
Maori Wiktionary,wiktionary,https://mi.wiktionary.org,miwiktionary,wiktionary,mi
Maori Wikibooks,wikibooks,https://mi.wikibooks.org,miwikibooks,wikibooks,mi
Minangkabau Wikipedia,wiki,https://min.wikipedia.org,minwiki,wiki,min
Macedonian Википедија,wiki,https://mk.wikipedia.org,mkwiki,wiki,mk
Macedonian Викиречник,wiktionary,https://mk.wiktionary.org,mkwiktionary,wiktionary,mk
Macedonian Wikibooks,wikibooks,https://mk.wikibooks.org,mkwikibooks,wikibooks,mk
Macedonian Wikisource,wikisource,https://mk.wikisource.org,mkwikisource,wikisource,mk
Malayalam വിക്കിപീഡിയ,wiki,https://ml.wikipedia.org,mlwiki,wiki,ml
Malayalam വിക്കിനിഘണ്ടു,wiktionary,https://ml.wiktionary.org,mlwiktionary,wiktionary,ml
Malayalam വിക്കിപാഠശാല,wikibooks,https://ml.wikibooks.org,mlwikibooks,wikibooks,ml
Malayalam വിക്കിചൊല്ലുകൾ,wikiquote,https://ml.wikiquote.org,mlwikiquote,wikiquote,ml
Malayalam വിക്കിഗ്രന്ഥശാല,wikisource,https://ml.wikisource.org,mlwikisource,wikisource,ml
Mongolian Википедиа,wiki,https://mn.wikipedia.org,mnwiki,wiki,mn
Mongolian Wiktionary,wiktionary,https://mn.wiktionary.org,mnwiktionary,wiktionary,mn
Mongolian Wikibooks,wikibooks,https://mn.wikibooks.org,mnwikibooks,wikibooks,mn
Marathi विकिपीडिया,wiki,https://mr.wikipedia.org,mrwiki,wiki,mr
Marathi Wiktionary,wiktionary,https://mr.wiktionary.org,mrwiktionary,wiktionary,mr
Marathi विकिबुक्स,wikibooks,https://mr.wikibooks.org,mrwikibooks,wikibooks,mr
Marathi Wikiquote,wikiquote,https://mr.wikiquote.org,mrwikiquote,wikiquote,mr
Marathi विकिस्रोत,wikisource,https://mr.wikisource.org,mrwikisource,wikisource,mr
Western Mari Википеди,wiki,https://mrj.wikipedia.org,mrjwiki,wiki,mrj
Malay Wikipedia,wiki,https://ms.wikipedia.org,mswiki,wiki,ms
Malay Wiktionary,wiktionary,https://ms.wiktionary.org,mswiktionary,wiktionary,ms
Malay Wikibooks,wikibooks,https://ms.wikibooks.org,mswikibooks,wikibooks,ms
Maltese Wikipedija,wiki,https://mt.wikipedia.org,mtwiki,wiki,mt
Maltese Wikizzjunarju,wiktionary,https://mt.wiktionary.org,mtwiktionary,wiktionary,mt
Creek Wikipedia,wiki,https://mus.wikipedia.org,muswiki,wiki,mus
Mirandese Biquipédia,wiki,https://mwl.wikipedia.org,mwlwiki,wiki,mwl
Burmese ဝီကီပီးဒီးယား,wiki,https://my.wikipedia.org,mywiki,wiki,my
Burmese ဝစ်ရှင်နရီ,wiktionary,https://my.wiktionary.org,mywiktionary,wiktionary,my
Burmese Wikibooks,wikibooks,https://my.wikibooks.org,mywikibooks,wikibooks,my
Erzya Википедиясь,wiki,https://myv.wikipedia.org,myvwiki,wiki,myv
Mazanderani ویکی‌پدیا,wiki,https://mzn.wikipedia.org,mznwiki,wiki,mzn
Nauru Wikipedia,wiki,https://na.wikipedia.org,nawiki,wiki,na
Nauru Wiktionary,wiktionary,https://na.wiktionary.org,nawiktionary,wiktionary,na
Nauru Wikibooks,wikibooks,https://na.wikibooks.org,nawikibooks,wikibooks,na
Nauru Wikiquote,wikiquote,https://na.wikiquote.org,nawikiquote,wikiquote,na
Nāhuatl Huiquipedia,wiki,https://nah.wikipedia.org,nahwiki,wiki,nah
Nāhuatl Wiktionary,wiktionary,https://nah.wiktionary.org,nahwiktionary,wiktionary,nah
Nāhuatl Wikibooks,wikibooks,https://nah.wikibooks.org,nahwikibooks,wikibooks,nah
Neapolitan Wikipedia,wiki,https://nap.wikipedia.org,napwiki,wiki,nap
Low German Wikipedia,wiki,https://nds.wikipedia.org,ndswiki,wiki,nds
Low German Wiktionary,wiktionary,https://nds.wiktionary.org,ndswiktionary,wiktionary,nds
Low German Wikibooks,wikibooks,https://nds.wikibooks.org,ndswikibooks,wikibooks,nds
Low German Wikiquote,wikiquote,https://nds.wikiquote.org,ndswikiquote,wikiquote,nds
Low Saxon Wikipedie,wiki,https://nds-nl.wikipedia.org,nds_nlwiki,wiki,nds-NL
Nepali विकिपिडिया,wiki,https://ne.wikipedia.org,newiki,wiki,ne
Nepali Wiktionary,wiktionary,https://ne.wiktionary.org,newiktionary,wiktionary,ne
Nepali विकिपुस्तक,wikibooks,https://ne.wikibooks.org,newikibooks,wikibooks,ne
Newari Wikipedia,wiki,https://new.wikipedia.org,newwiki,wiki,new
Ndonga Wikipedia,wiki,https://ng.wikipedia.org,ngwiki,wiki,ng
Dutch Wikipedia,wiki,https://nl.wikipedia.org,nlwiki,wiki,nl
Dutch WikiWoordenboek,wiktionary,https://nl.wiktionary.org,nlwiktionary,wiktionary,nl
Dutch Wikibooks,wikibooks,https://nl.wikibooks.org,nlwikibooks,wikibooks,nl
Dutch Wikinieuws,wikinews,https://nl.wikinews.org,nlwikinews,wikinews,nl
Dutch Wikiquote,wikiquote,https://nl.wikiquote.org,nlwikiquote,wikiquote,nl
Dutch Wikisource,wikisource,https://nl.wikisource.org,nlwikisource,wikisource,nl
Dutch Wikivoyage,wikivoyage,https://nl.wikivoyage.org,nlwikivoyage,wikivoyage,nl
Norwegian Nynorsk Wikipedia,wiki,https://nn.wikipedia.org,nnwiki,wiki,nn
Norwegian Nynorsk Wiktionary,wiktionary,https://nn.wiktionary.org,nnwiktionary,wiktionary,nn
Norwegian Nynorsk Wikiquote,wikiquote,https://nn.wikiquote.org,nnwikiquote,wikiquote,nn
Norwegian Wikipedia,wiki,https://no.wikipedia.org,nowiki,wiki,nb
Norwegian Wiktionary,wiktionary,https://no.wiktionary.org,nowiktionary,wiktionary,nb
Norwegian Wikibøker,wikibooks,https://no.wikibooks.org,nowikibooks,wikibooks,nb
Norwegian Wikinytt,wikinews,https://no.wikinews.org,nowikinews,wikinews,nb
Norwegian Wikiquote,wikiquote,https://no.wikiquote.org,nowikiquote,wikiquote,nb
Norwegian Wikikilden,wikisource,https://no.wikisource.org,nowikisource,wikisource,nb
Novial Wikipedia,wiki,https://nov.wikipedia.org,novwiki,wiki,nov
Norman Wikipedia,wiki,https://nrm.wikipedia.org,nrmwiki,wiki,nrf
Northern Sotho Wikipedia,wiki,https://nso.wikipedia.org,nsowiki,wiki,nso
Navajo Wikipedia,wiki,https://nv.wikipedia.org,nvwiki,wiki,nv
Nyanja Wikipedia,wiki,https://ny.wikipedia.org,nywiki,wiki,ny
Occitan Wikipèdia,wiki,https://oc.wikipedia.org,ocwiki,wiki,oc
Occitan Wikiccionari,wiktionary,https://oc.wiktionary.org,ocwiktionary,wiktionary,oc
Occitan Wikilibres,wikibooks,https://oc.wikibooks.org,ocwikibooks,wikibooks,oc
Livvi-Karelian Wikipedii,wiki,https://olo.wikipedia.org,olowiki,wiki,olo
Oromo Wikipedia,wiki,https://om.wikipedia.org,omwiki,wiki,om
Oromo Wiktionary,wiktionary,https://om.wiktionary.org,omwiktionary,wiktionary,om
Odia ଉଇକିପିଡ଼ିଆ,wiki,https://or.wikipedia.org,orwiki,wiki,or
Odia ଉଇକିଅଭିଧାନ,wiktionary,https://or.wiktionary.org,orwiktionary,wiktionary,or
Odia ଉଇକିପାଠାଗାର,wikisource,https://or.wikisource.org,orwikisource,wikisource,or
Ossetic Википеди,wiki,https://os.wikipedia.org,oswiki,wiki,os
Punjabi ਵਿਕੀਪੀਡੀਆ,wiki,https://pa.wikipedia.org,pawiki,wiki,pa
Punjabi Wiktionary,wiktionary,https://pa.wiktionary.org,pawiktionary,wiktionary,pa
Punjabi Wikibooks,wikibooks,https://pa.wikibooks.org,pawikibooks,wikibooks,pa
Punjabi ਵਿਕੀਸਰੋਤ,wikisource,https://pa.wikisource.org,pawikisource,wikisource,pa
Pangasinan Wikipedia,wiki,https://pag.wikipedia.org,pagwiki,wiki,pag
Pampanga Wikipedia,wiki,https://pam.wikipedia.org,pamwiki,wiki,pam
Papiamento Wikipedia,wiki,https://pap.wikipedia.org,papwiki,wiki,pap
Picard Wikipedia,wiki,https://pcd.wikipedia.org,pcdwiki,wiki,pcd
Pennsylvania German Wikipedia,wiki,https://pdc.wikipedia.org,pdcwiki,wiki,pdc
Palatine German Wikipedia,wiki,https://pfl.wikipedia.org,pflwiki,wiki,pfl
Pali Wikipedia,wiki,https://pi.wikipedia.org,piwiki,wiki,pi
Pali Wiktionary,wiktionary,https://pi.wiktionary.org,piwiktionary,wiktionary,pi
Norfuk / Pitkern Wikipedia,wiki,https://pih.wikipedia.org,pihwiki,wiki,pih
Polish Wikipedia,wiki,https://pl.wikipedia.org,plwiki,wiki,pl
Polish Wikisłownik,wiktionary,https://pl.wiktionary.org,plwiktionary,wiktionary,pl
Polish Wikibooks,wikibooks,https://pl.wikibooks.org,plwikibooks,wikibooks,pl
Polish Wikinews,wikinews,https://pl.wikinews.org,plwikinews,wikinews,pl
Polish Wikicytaty,wikiquote,https://pl.wikiquote.org,plwikiquote,wikiquote,pl
Polish Wikiźródła,wikisource,https://pl.wikisource.org,plwikisource,wikisource,pl
Polish Wikipodróże,wikivoyage,https://pl.wikivoyage.org,plwikivoyage,wikivoyage,pl
Piedmontese Wikipedia,wiki,https://pms.wikipedia.org,pmswiki,wiki,pms
Piedmontese Wikisource,wikisource,https://pms.wikisource.org,pmswikisource,wikisource,pms
Western Punjabi وکیپیڈیا,wiki,https://pnb.wikipedia.org,pnbwiki,wiki,pnb
Western Punjabi وکشنری,wiktionary,https://pnb.wiktionary.org,pnbwiktionary,wiktionary,pnb
Pontic Βικιπαίδεια,wiki,https://pnt.wikipedia.org,pntwiki,wiki,pnt
Pashto ويکيپېډيا,wiki,https://ps.wikipedia.org,pswiki,wiki,ps
Pashto ويکيسيند,wiktionary,https://ps.wiktionary.org,pswiktionary,wiktionary,ps
Pashto ويکيتابونه,wikibooks,https://ps.wikibooks.org,pswikibooks,wikibooks,ps
Pashto ويکيسفر,wikivoyage,https://ps.wikivoyage.org,pswikivoyage,wikivoyage,ps
Portuguese Wikipédia,wiki,https://pt.wikipedia.org,ptwiki,wiki,pt
Portuguese Wikcionário,wiktionary,https://pt.wiktionary.org,ptwiktionary,wiktionary,pt
Portuguese Wikilivros,wikibooks,https://pt.wikibooks.org,ptwikibooks,wikibooks,pt
Portuguese Wikinotícias,wikinews,https://pt.wikinews.org,ptwikinews,wikinews,pt
Portuguese Wikiquote,wikiquote,https://pt.wikiquote.org,ptwikiquote,wikiquote,pt
Portuguese Wikisource,wikisource,https://pt.wikisource.org,ptwikisource,wikisource,pt
Portuguese Wikiversidade,wikiversity,https://pt.wikiversity.org,ptwikiversity,wikiversity,pt
Portuguese Wikivoyage,wikivoyage,https://pt.wikivoyage.org,ptwikivoyage,wikivoyage,pt
Quechua Wikipedia,wiki,https://qu.wikipedia.org,quwiki,wiki,qu
Quechua Wiktionary,wiktionary,https://qu.wiktionary.org,quwiktionary,wiktionary,qu
Quechua Wikibooks,wikibooks,https://qu.wikibooks.org,quwikibooks,wikibooks,qu
Quechua Wikiquote,wikiquote,https://qu.wikiquote.org,quwikiquote,wikiquote,qu
Romansh Wikipedia,wiki,https://rm.wikipedia.org,rmwiki,wiki,rm
Romansh Wiktionary,wiktionary,https://rm.wiktionary.org,rmwiktionary,wiktionary,rm
Romansh Wikibooks,wikibooks,https://rm.wikibooks.org,rmwikibooks,wikibooks,rm
Romani Vikipidiya,wiki,https://rmy.wikipedia.org,rmywiki,wiki,rmy
Rundi Wikipedia,wiki,https://rn.wikipedia.org,rnwiki,wiki,rn
Rundi Wiktionary,wiktionary,https://rn.wiktionary.org,rnwiktionary,wiktionary,rn
Romanian Wikipedia,wiki,https://ro.wikipedia.org,rowiki,wiki,ro
Romanian Wikționar,wiktionary,https://ro.wiktionary.org,rowiktionary,wiktionary,ro
Romanian Wikimanuale,wikibooks,https://ro.wikibooks.org,rowikibooks,wikibooks,ro
Romanian Wikiștiri,wikinews,https://ro.wikinews.org,rowikinews,wikinews,ro
Romanian Wikicitat,wikiquote,https://ro.wikiquote.org,rowikiquote,wikiquote,ro
Romanian Wikisource,wikisource,https://ro.wikisource.org,rowikisource,wikisource,ro
Romanian Wikivoyage,wikivoyage,https://ro.wikivoyage.org,rowikivoyage,wikivoyage,ro
Aromanian Wikipedia,wiki,https://roa-rup.wikipedia.org,roa_rupwiki,wiki,rup
Aromanian Wiktionary,wiktionary,https://roa-rup.wiktionary.org,roa_rupwiktionary,wiktionary,rup
Tarantino Wikipedia,wiki,https://roa-tara.wikipedia.org,roa_tarawiki,wiki,nap-x-tara
Russian Википедия,wiki,https://ru.wikipedia.org,ruwiki,wiki,ru
Russian Викисловарь,wiktionary,https://ru.wiktionary.org,ruwiktionary,wiktionary,ru
Russian Викиучебник,wikibooks,https://ru.wikibooks.org,ruwikibooks,wikibooks,ru
Russian Викиновости,wikinews,https://ru.wikinews.org,ruwikinews,wikinews,ru
Russian Викицитатник,wikiquote,https://ru.wikiquote.org,ruwikiquote,wikiquote,ru
Russian Викитека,wikisource,https://ru.wikisource.org,ruwikisource,wikisource,ru
Russian Викиверситет,wikiversity,https://ru.wikiversity.org,ruwikiversity,wikiversity,ru
Russian Wikivoyage,wikivoyage,https://ru.wikivoyage.org,ruwikivoyage,wikivoyage,ru
Rusyn Вікіпедія,wiki,https://rue.wikipedia.org,ruewiki,wiki,rue
Kinyarwanda Wikipedia,wiki,https://rw.wikipedia.org,rwwiki,wiki,rw
Kinyarwanda Wiktionary,wiktionary,https://rw.wiktionary.org,rwwiktionary,wiktionary,rw
Sanskrit विकिपीडिया,wiki,https://sa.wikipedia.org,sawiki,wiki,sa
Sanskrit विकिशब्दकोशः,wiktionary,https://sa.wiktionary.org,sawiktionary,wiktionary,sa
Sanskrit विकिपुस्तकानि,wikibooks,https://sa.wikibooks.org,sawikibooks,wikibooks,sa
Sanskrit विकिसूक्तिः,wikiquote,https://sa.wikiquote.org,sawikiquote,wikiquote,sa
Sanskrit विकिस्रोतः,wikisource,https://sa.wikisource.org,sawikisource,wikisource,sa
Sakha Бикипиэдьийэ,wiki,https://sah.wikipedia.org,sahwiki,wiki,sah
Sakha Биики_Домох,wikiquote,https://sah.wikiquote.org,sahwikiquote,wikiquote,sah
Sakha Бикитиэкэ,wikisource,https://sah.wikisource.org,sahwikisource,wikisource,sah
Santali ᱣᱤᱠᱤᱯᱤᱰᱤᱭᱟ,wiki,https://sat.wikipedia.org,satwiki,wiki,sat
Sardinian Wikipedia,wiki,https://sc.wikipedia.org,scwiki,wiki,sc
Sardinian Wiktionary,wiktionary,https://sc.wiktionary.org,scwiktionary,wiktionary,sc
Sicilian Wikipedia,wiki,https://scn.wikipedia.org,scnwiki,wiki,scn
Sicilian Wikizziunariu,wiktionary,https://scn.wiktionary.org,scnwiktionary,wiktionary,scn
Scots Wikipedia,wiki,https://sco.wikipedia.org,scowiki,wiki,sco
Sindhi وڪيپيڊيا,wiki,https://sd.wikipedia.org,sdwiki,wiki,sd
Sindhi Wiktionary,wiktionary,https://sd.wiktionary.org,sdwiktionary,wiktionary,sd
Sindhi Wikinews,wikinews,https://sd.wikinews.org,sdwikinews,wikinews,sd
Northern Sami Wikipedia,wiki,https://se.wikipedia.org,sewiki,wiki,se
Northern Sami Wikibooks,wikibooks,https://se.wikibooks.org,sewikibooks,wikibooks,se
Sango Wikipedia,wiki,https://sg.wikipedia.org,sgwiki,wiki,sg
Sango Wiktionary,wiktionary,https://sg.wiktionary.org,sgwiktionary,wiktionary,sg
Serbo-Croatian Wikipedia,wiki,https://sh.wikipedia.org,shwiki,wiki,sh
Serbo-Croatian Wiktionary,wiktionary,https://sh.wiktionary.org,shwiktionary,wiktionary,sh
Shan ဝီႇၶီႇၽီးတီးယႃး,wiki,https://shn.wikipedia.org,shnwiki,wiki,shn
"Sinhala විකිපීඩියා, නිදහස් විශ්වකෝෂය",wiki,https://si.wikipedia.org,siwiki,wiki,si
Sinhala Wiktionary,wiktionary,https://si.wiktionary.org,siwiktionary,wiktionary,si
Sinhala Wikibooks,wikibooks,https://si.wikibooks.org,siwikibooks,wikibooks,si
Simple English Wikipedia,wiki,https://simple.wikipedia.org,simplewiki,wiki,en
Simple English Wiktionary,wiktionary,https://simple.wiktionary.org,simplewiktionary,wiktionary,en
Simple English Wikibooks,wikibooks,https://simple.wikibooks.org,simplewikibooks,wikibooks,en-simple
Simple English Wikiquote,wikiquote,https://simple.wikiquote.org,simplewikiquote,wikiquote,en-simple
Slovak Wikipédia,wiki,https://sk.wikipedia.org,skwiki,wiki,sk
Slovak Wikislovník,wiktionary,https://sk.wiktionary.org,skwiktionary,wiktionary,sk
Slovak Wikiknihy,wikibooks,https://sk.wikibooks.org,skwikibooks,wikibooks,sk
Slovak Wikicitáty,wikiquote,https://sk.wikiquote.org,skwikiquote,wikiquote,sk
Slovak Wikizdroje,wikisource,https://sk.wikisource.org,skwikisource,wikisource,sk
Slovenian Wikipedija,wiki,https://sl.wikipedia.org,slwiki,wiki,sl
Slovenian Wikislovar,wiktionary,https://sl.wiktionary.org,slwiktionary,wiktionary,sl
Slovenian Wikiknjige,wikibooks,https://sl.wikibooks.org,slwikibooks,wikibooks,sl
Slovenian Wikinavedek,wikiquote,https://sl.wikiquote.org,slwikiquote,wikiquote,sl
Slovenian Wikivir,wikisource,https://sl.wikisource.org,slwikisource,wikisource,sl
Slovenian Wikiverza,wikiversity,https://sl.wikiversity.org,slwikiversity,wikiversity,sl
Samoan Wikipedia,wiki,https://sm.wikipedia.org,smwiki,wiki,sm
Samoan Wiktionary,wiktionary,https://sm.wiktionary.org,smwiktionary,wiktionary,sm
Shona Wikipedia,wiki,https://sn.wikipedia.org,snwiki,wiki,sn
Shona Wiktionary,wiktionary,https://sn.wiktionary.org,snwiktionary,wiktionary,sn
Somali Wikipedia,wiki,https://so.wikipedia.org,sowiki,wiki,so
Somali Wiktionary,wiktionary,https://so.wiktionary.org,sowiktionary,wiktionary,so
Albanian Wikipedia,wiki,https://sq.wikipedia.org,sqwiki,wiki,sq
Albanian Wiktionary,wiktionary,https://sq.wiktionary.org,sqwiktionary,wiktionary,sq
Albanian Wikibooks,wikibooks,https://sq.wikibooks.org,sqwikibooks,wikibooks,sq
Albanian Wikilajme,wikinews,https://sq.wikinews.org,sqwikinews,wikinews,sq
Albanian Wikiquote,wikiquote,https://sq.wikiquote.org,sqwikiquote,wikiquote,sq
Serbian Википедија,wiki,https://sr.wikipedia.org,srwiki,wiki,sr
Serbian Викиречник,wiktionary,https://sr.wiktionary.org,srwiktionary,wiktionary,sr
Serbian Викикњиге,wikibooks,https://sr.wikibooks.org,srwikibooks,wikibooks,sr
Serbian Викивести,wikinews,https://sr.wikinews.org,srwikinews,wikinews,sr
Serbian Викицитат,wikiquote,https://sr.wikiquote.org,srwikiquote,wikiquote,sr
Serbian Викизворник,wikisource,https://sr.wikisource.org,srwikisource,wikisource,sr
Sranan Tongo Wikipedia,wiki,https://srn.wikipedia.org,srnwiki,wiki,srn
Swati Wikipedia,wiki,https://ss.wikipedia.org,sswiki,wiki,ss
Swati Wiktionary,wiktionary,https://ss.wiktionary.org,sswiktionary,wiktionary,ss
Southern Sotho Wikipedia,wiki,https://st.wikipedia.org,stwiki,wiki,st
Southern Sotho Wiktionary,wiktionary,https://st.wiktionary.org,stwiktionary,wiktionary,st
Saterland Frisian Wikipedia,wiki,https://stq.wikipedia.org,stqwiki,wiki,stq
Sundanese Wikipedia,wiki,https://su.wikipedia.org,suwiki,wiki,su
Sundanese Wiktionary,wiktionary,https://su.wiktionary.org,suwiktionary,wiktionary,su
Sundanese Wikibooks,wikibooks,https://su.wikibooks.org,suwikibooks,wikibooks,su
Sundanese Wikiquote,wikiquote,https://su.wikiquote.org,suwikiquote,wikiquote,su
Swedish Wikipedia,wiki,https://sv.wikipedia.org,svwiki,wiki,sv
Swedish Wiktionary,wiktionary,https://sv.wiktionary.org,svwiktionary,wiktionary,sv
Swedish Wikibooks,wikibooks,https://sv.wikibooks.org,svwikibooks,wikibooks,sv
Swedish Wikinews,wikinews,https://sv.wikinews.org,svwikinews,wikinews,sv
Swedish Wikiquote,wikiquote,https://sv.wikiquote.org,svwikiquote,wikiquote,sv
Swedish Wikisource,wikisource,https://sv.wikisource.org,svwikisource,wikisource,sv
Swedish Wikiversity,wikiversity,https://sv.wikiversity.org,svwikiversity,wikiversity,sv
Swedish Wikivoyage,wikivoyage,https://sv.wikivoyage.org,svwikivoyage,wikivoyage,sv
Swahili Wikipedia,wiki,https://sw.wikipedia.org,swwiki,wiki,sw
Swahili Wiktionary,wiktionary,https://sw.wiktionary.org,swwiktionary,wiktionary,sw
Swahili Wikibooks,wikibooks,https://sw.wikibooks.org,swwikibooks,wikibooks,sw
Silesian Wikipedia,wiki,https://szl.wikipedia.org,szlwiki,wiki,szl
Tamil விக்கிப்பீடியா,wiki,https://ta.wikipedia.org,tawiki,wiki,ta
Tamil விக்சனரி,wiktionary,https://ta.wiktionary.org,tawiktionary,wiktionary,ta
Tamil விக்கிநூல்கள்,wikibooks,https://ta.wikibooks.org,tawikibooks,wikibooks,ta
Tamil விக்கிசெய்தி,wikinews,https://ta.wikinews.org,tawikinews,wikinews,ta
Tamil விக்கிமேற்கோள்,wikiquote,https://ta.wikiquote.org,tawikiquote,wikiquote,ta
Tamil விக்கிமூலம்,wikisource,https://ta.wikisource.org,tawikisource,wikisource,ta
Tulu ವಿಕಿಪೀಡಿಯ,wiki,https://tcy.wikipedia.org,tcywiki,wiki,tcy
Telugu వికీపీడియా,wiki,https://te.wikipedia.org,tewiki,wiki,te
Telugu విక్షనరీ,wiktionary,https://te.wiktionary.org,tewiktionary,wiktionary,te
Telugu Wikibooks,wikibooks,https://te.wikibooks.org,tewikibooks,wikibooks,te
Telugu వికీవ్యాఖ్య,wikiquote,https://te.wikiquote.org,tewikiquote,wikiquote,te
Telugu వికీసోర్స్,wikisource,https://te.wikisource.org,tewikisource,wikisource,te
Tetum Wikipedia,wiki,https://tet.wikipedia.org,tetwiki,wiki,tet
Tajik Википедиа,wiki,https://tg.wikipedia.org,tgwiki,wiki,tg
Tajik Wiktionary,wiktionary,https://tg.wiktionary.org,tgwiktionary,wiktionary,tg
Tajik Wikibooks,wikibooks,https://tg.wikibooks.org,tgwikibooks,wikibooks,tg
Thai วิกิพีเดีย,wiki,https://th.wikipedia.org,thwiki,wiki,th
Thai Wiktionary,wiktionary,https://th.wiktionary.org,thwiktionary,wiktionary,th
Thai วิกิตำรา,wikibooks,https://th.wikibooks.org,thwikibooks,wikibooks,th
Thai Wikinews,wikinews,https://th.wikinews.org,thwikinews,wikinews,th
Thai วิกิคำคม,wikiquote,https://th.wikiquote.org,thwikiquote,wikiquote,th
Thai วิกิซอร์ซ,wikisource,https://th.wikisource.org,thwikisource,wikisource,th
Tigrinya Wikipedia,wiki,https://ti.wikipedia.org,tiwiki,wiki,ti
Tigrinya Wiktionary,wiktionary,https://ti.wiktionary.org,tiwiktionary,wiktionary,ti
Turkmen Wikipediýa,wiki,https://tk.wikipedia.org,tkwiki,wiki,tk
Turkmen Wikisözlük,wiktionary,https://tk.wiktionary.org,tkwiktionary,wiktionary,tk
Turkmen Wikibooks,wikibooks,https://tk.wikibooks.org,tkwikibooks,wikibooks,tk
Turkmen Wikiquote,wikiquote,https://tk.wikiquote.org,tkwikiquote,wikiquote,tk
Tagalog Wikipedia,wiki,https://tl.wikipedia.org,tlwiki,wiki,tl
Tagalog Wiktionary,wiktionary,https://tl.wiktionary.org,tlwiktionary,wiktionary,tl
Tagalog Wikibooks,wikibooks,https://tl.wikibooks.org,tlwikibooks,wikibooks,tl
Tswana Wikipedia,wiki,https://tn.wikipedia.org,tnwiki,wiki,tn
Tswana Wiktionary,wiktionary,https://tn.wiktionary.org,tnwiktionary,wiktionary,tn
Tongan Wikipedia,wiki,https://to.wikipedia.org,towiki,wiki,to
Tongan Wiktionary,wiktionary,https://to.wiktionary.org,towiktionary,wiktionary,to
Tok Pisin Wikipedia,wiki,https://tpi.wikipedia.org,tpiwiki,wiki,tpi
Tok Pisin Wiktionary,wiktionary,https://tpi.wiktionary.org,tpiwiktionary,wiktionary,tpi
Turkish Vikipedi,wiki,https://tr.wikipedia.org,trwiki,wiki,tr
Turkish Vikisözlük,wiktionary,https://tr.wiktionary.org,trwiktionary,wiktionary,tr
Turkish Vikikitap,wikibooks,https://tr.wikibooks.org,trwikibooks,wikibooks,tr
Turkish Vikihaber,wikinews,https://tr.wikinews.org,trwikinews,wikinews,tr
Turkish Vikisöz,wikiquote,https://tr.wikiquote.org,trwikiquote,wikiquote,tr
Turkish Vikikaynak,wikisource,https://tr.wikisource.org,trwikisource,wikisource,tr
Tsonga Wikipedia,wiki,https://ts.wikipedia.org,tswiki,wiki,ts
Tsonga Wiktionary,wiktionary,https://ts.wiktionary.org,tswiktionary,wiktionary,ts
Tatar Wikipedia,wiki,https://tt.wikipedia.org,ttwiki,wiki,tt
Tatar Wiktionary,wiktionary,https://tt.wiktionary.org,ttwiktionary,wiktionary,tt
Tatar Wikibooks,wikibooks,https://tt.wikibooks.org,ttwikibooks,wikibooks,tt
Tatar Wikiquote,wikiquote,https://tt.wikiquote.org,ttwikiquote,wikiquote,tt
Tumbuka Wikipedia,wiki,https://tum.wikipedia.org,tumwiki,wiki,tum
Twi Wikipedia,wiki,https://tw.wikipedia.org,twwiki,wiki,tw
Twi Wiktionary,wiktionary,https://tw.wiktionary.org,twwiktionary,wiktionary,tw
Tahitian Wikipedia,wiki,https://ty.wikipedia.org,tywiki,wiki,ty
Tuvinian Википедия,wiki,https://tyv.wikipedia.org,tyvwiki,wiki,tyv
Udmurt Википедия,wiki,https://udm.wikipedia.org,udmwiki,wiki,udm
Uyghur Wikipedia,wiki,https://ug.wikipedia.org,ugwiki,wiki,ug
Uyghur Wiktionary,wiktionary,https://ug.wiktionary.org,ugwiktionary,wiktionary,ug
Uyghur Wikibooks,wikibooks,https://ug.wikibooks.org,ugwikibooks,wikibooks,ug
Uyghur Wikiquote,wikiquote,https://ug.wikiquote.org,ugwikiquote,wikiquote,ug
Ukrainian Вікіпедія,wiki,https://uk.wikipedia.org,ukwiki,wiki,uk
Ukrainian Вікісловник,wiktionary,https://uk.wiktionary.org,ukwiktionary,wiktionary,uk
Ukrainian Вікіпідручник,wikibooks,https://uk.wikibooks.org,ukwikibooks,wikibooks,uk
Ukrainian Вікіновини,wikinews,https://uk.wikinews.org,ukwikinews,wikinews,uk
Ukrainian Вікіцитати,wikiquote,https://uk.wikiquote.org,ukwikiquote,wikiquote,uk
Ukrainian Вікіджерела,wikisource,https://uk.wikisource.org,ukwikisource,wikisource,uk
Ukrainian Вікімандри,wikivoyage,https://uk.wikivoyage.org,ukwikivoyage,wikivoyage,uk
Urdu ویکیپیڈیا,wiki,https://ur.wikipedia.org,urwiki,wiki,ur
Urdu ویکی لغت,wiktionary,https://ur.wiktionary.org,urwiktionary,wiktionary,ur
Urdu ویکی کتب,wikibooks,https://ur.wikibooks.org,urwikibooks,wikibooks,ur
Urdu ویکی اقتباس,wikiquote,https://ur.wikiquote.org,urwikiquote,wikiquote,ur
Uzbek Vikipediya,wiki,https://uz.wikipedia.org,uzwiki,wiki,uz
Uzbek Vikilug‘at,wiktionary,https://uz.wiktionary.org,uzwiktionary,wiktionary,uz
Uzbek Vikikitob,wikibooks,https://uz.wikibooks.org,uzwikibooks,wikibooks,uz
Uzbek Vikiiqtibos,wikiquote,https://uz.wikiquote.org,uzwikiquote,wikiquote,uz
Venda Wikipedia,wiki,https://ve.wikipedia.org,vewiki,wiki,ve
Venetian Wikipedia,wiki,https://vec.wikipedia.org,vecwiki,wiki,vec
Venetian Wikisionario,wiktionary,https://vec.wiktionary.org,vecwiktionary,wiktionary,vec
Venetian Wikisource,wikisource,https://vec.wikisource.org,vecwikisource,wikisource,vec
Veps Vikipedii,wiki,https://vep.wikipedia.org,vepwiki,wiki,vep
Vietnamese Wikipedia,wiki,https://vi.wikipedia.org,viwiki,wiki,vi
Vietnamese Wiktionary,wiktionary,https://vi.wiktionary.org,viwiktionary,wiktionary,vi
Vietnamese Wikibooks,wikibooks,https://vi.wikibooks.org,viwikibooks,wikibooks,vi
Vietnamese Wikiquote,wikiquote,https://vi.wikiquote.org,viwikiquote,wikiquote,vi
Vietnamese Wikisource,wikisource,https://vi.wikisource.org,viwikisource,wikisource,vi
Vietnamese Wikivoyage,wikivoyage,https://vi.wikivoyage.org,viwikivoyage,wikivoyage,vi
West Flemish Wikipedia,wiki,https://vls.wikipedia.org,vlswiki,wiki,vls
Volapük Vükiped,wiki,https://vo.wikipedia.org,vowiki,wiki,vo
Volapük Vükivödabuk,wiktionary,https://vo.wiktionary.org,vowiktionary,wiktionary,vo
Volapük Vükibuks,wikibooks,https://vo.wikibooks.org,vowikibooks,wikibooks,vo
Volapük Wikiquote,wikiquote,https://vo.wikiquote.org,vowikiquote,wikiquote,vo
Walloon Wikipedia,wiki,https://wa.wikipedia.org,wawiki,wiki,wa
Walloon Wiccionaire,wiktionary,https://wa.wiktionary.org,wawiktionary,wiktionary,wa
Walloon Wikibooks,wikibooks,https://wa.wikibooks.org,wawikibooks,wikibooks,wa
Waray Wikipedia,wiki,https://war.wikipedia.org,warwiki,wiki,war
Wolof Wikipedia,wiki,https://wo.wikipedia.org,wowiki,wiki,wo
Wolof Wiktionary,wiktionary,https://wo.wiktionary.org,wowiktionary,wiktionary,wo
Wolof Wikiquote,wikiquote,https://wo.wikiquote.org,wowikiquote,wikiquote,wo
Wu Chinese 维基百科,wiki,https://wuu.wikipedia.org,wuuwiki,wiki,wuu
Kalmyk Wikipedia,wiki,https://xal.wikipedia.org,xalwiki,wiki,xal
Xhosa Wikipedia,wiki,https://xh.wikipedia.org,xhwiki,wiki,xh
Xhosa Wiktionary,wiktionary,https://xh.wiktionary.org,xhwiktionary,wiktionary,xh
Xhosa Wikibooks,wikibooks,https://xh.wikibooks.org,xhwikibooks,wikibooks,xh
Mingrelian ვიკიპედია,wiki,https://xmf.wikipedia.org,xmfwiki,wiki,xmf
Yiddish װיקיפּעדיע,wiki,https://yi.wikipedia.org,yiwiki,wiki,yi
Yiddish װיקיװערטערבוך,wiktionary,https://yi.wiktionary.org,yiwiktionary,wiktionary,yi
Yiddish װיקיביבליאָטעק,wikisource,https://yi.wikisource.org,yiwikisource,wikisource,yi
Yoruba Wikipedia,wiki,https://yo.wikipedia.org,yowiki,wiki,yo
Yoruba Wiktionary,wiktionary,https://yo.wiktionary.org,yowiktionary,wiktionary,yo
Yoruba Wikibooks,wikibooks,https://yo.wikibooks.org,yowikibooks,wikibooks,yo
Cantonese 維基辭典,wiktionary,https://yue.wiktionary.org,yuewiktionary,wiktionary,yue
Zhuang Wikipedia,wiki,https://za.wikipedia.org,zawiki,wiki,za
Zhuang Wiktionary,wiktionary,https://za.wiktionary.org,zawiktionary,wiktionary,za
Zhuang Wikibooks,wikibooks,https://za.wikibooks.org,zawikibooks,wikibooks,za
Zhuang Wikiquote,wikiquote,https://za.wikiquote.org,zawikiquote,wikiquote,za
Zeelandic Wikipedia,wiki,https://zea.wikipedia.org,zeawiki,wiki,zea
Chinese Wikipedia,wiki,https://zh.wikipedia.org,zhwiki,wiki,zh
Chinese Wiktionary,wiktionary,https://zh.wiktionary.org,zhwiktionary,wiktionary,zh
Chinese Wikibooks,wikibooks,https://zh.wikibooks.org,zhwikibooks,wikibooks,zh
Chinese Wikinews,wikinews,https://zh.wikinews.org,zhwikinews,wikinews,zh
Chinese Wikiquote,wikiquote,https://zh.wikiquote.org,zhwikiquote,wikiquote,zh
Chinese Wikisource,wikisource,https://zh.wikisource.org,zhwikisource,wikisource,zh
Chinese 維基學院,wikiversity,https://zh.wikiversity.org,zhwikiversity,wikiversity,zh
Chinese 维基导游,wikivoyage,https://zh.wikivoyage.org,zhwikivoyage,wikivoyage,zh
Classical Chinese 維基大典,wiki,https://zh-classical.wikipedia.org,zh_classicalwiki,wiki,lzh
Chinese (Min Nan) Wikipedia,wiki,https://zh-min-nan.wikipedia.org,zh_min_nanwiki,wiki,nan
Chinese (Min Nan) Wiktionary,wiktionary,https://zh-min-nan.wiktionary.org,zh_min_nanwiktionary,wiktionary,nan
Chinese (Min Nan) Wikibooks,wikibooks,https://zh-min-nan.wikibooks.org,zh_min_nanwikibooks,wikibooks,nan
Chinese (Min Nan) Wikiquote,wikiquote,https://zh-min-nan.wikiquote.org,zh_min_nanwikiquote,wikiquote,nan
Chinese (Min Nan) Wiki Tô·-su-kóan,wikisource,https://zh-min-nan.wikisource.org,zh_min_nanwikisource,wikisource,nan
Cantonese 維基百科,wiki,https://zh-yue.wikipedia.org,zh_yuewiki,wiki,yue
Zulu Wikipedia,wiki,https://zu.wikipedia.org,zuwiki,wiki,zu
Zulu Wiktionary,wiktionary,https://zu.wiktionary.org,zuwiktionary,wiktionary,zu
Zulu Wikibooks,wikibooks,https://zu.wikibooks.org,zuwikibooks,wikibooks,zu
